年份,国家,灾害类型,灾害子类型,区域,灾害频次,总死亡人数,总受灾人数,总经济损失(千美元)
1920,中国,气候灾害,干旱,中国,1,500000,20000000,0.0
1928,中国,气候灾害,干旱,中国,1,3000000,0,0.0
1965,中国,气候灾害,干旱,中国,1,0,0,27118.0
1978,中国,气候灾害,干旱,中国,1,0,6000000,0.0
1979,中国,气候灾害,干旱,中国,1,0,0,0.0
1983,中国,气候灾害,干旱,中国,1,0,0,0.0
1985,中国,气候灾害,干旱,中国,1,0,0,0.0
1988,中国,气候灾害,干旱,中国,1,1400,49000000,942887.0
1991,中国,气候灾害,干旱,中国,1,2000,5000000,0.0
1992,中国,气候灾害,干旱,中国,1,0,0,53200.0
1992,中国,气候灾害,干旱,中国,1,0,12000000,0.0
1994,中国,气候灾害,干旱,中国,1,0,82000000,13755200.0
1994,中国,气候灾害,干旱,中国,1,0,6690000,0.0
1995,中国,气候灾害,干旱,中国,1,0,9060000,12800.0
1997,中国,气候灾害,干旱,中国,1,0,0,169100.0
1999,中国,气候灾害,干旱,中国,1,0,19000000,0.0
2000,中国,气候灾害,干旱,中国,1,0,15000000,796115.0
2000,中国,气候灾害,干旱,中国,1,0,5000000,0.0
2000,中国,气候灾害,干旱,中国,1,0,0,0.0
2001,中国,气候灾害,干旱,中国,1,0,530000,0.0
2001,中国,气候灾害,干旱,中国,1,0,15800000,0.0
2002,中国,气候灾害,干旱,中国,1,0,60000000,0.0
2002,中国,气候灾害,干旱,中国,1,0,900000,0.0
2002,中国,气候灾害,干旱,中国,1,0,3660000,1210000.0
2003,中国,气候灾害,干旱,中国,1,0,48000000,0.0
2003,中国,气候灾害,干旱,中国,1,0,3000000,0.0
2005,中国,气候灾害,干旱,中国,1,0,174000,0.0
2005,中国,气候灾害,干旱,中国,1,0,7600000,0.0
2006,中国,气候灾害,干旱,中国,1,134,18000000,2910000.0
2008,中国,气候灾害,干旱,中国,1,0,3700000,234000.0
2009,中国,气候灾害,干旱,中国,1,0,160000,0.0
2009,中国,气候灾害,干旱,中国,1,0,60000000,3600000.0
2010,中国,气候灾害,干旱,中国,1,0,35000000,2370000.0
2013,中国,气候灾害,干旱,中国,1,0,5000000,0.0
2014,中国,气候灾害,干旱,中国,1,0,226000,1180000.0
2014,中国,气候灾害,干旱,中国,1,0,27500000,2500000.0
2015,中国,气候灾害,干旱,中国,1,0,0,2464000.0
2016,中国,气候灾害,干旱,中国,1,0,10000000,3000000.0
2017,中国,气候灾害,干旱,中国,1,0,2000000,122000.0
1906,中国,地球物理灾害,地震,中国,1,1266,0,0.0
1907,中国,地球物理灾害,地震,中国,1,12000,0,0.0
1917,中国,地球物理灾害,地震,中国,1,1800,0,0.0
1918,中国,地球物理灾害,地震,中国,1,10000,0,0.0
1920,中国,地球物理灾害,地震,中国,1,180000,0,0.0
1923,中国,地球物理灾害,地震,中国,1,5000,0,0.0
1923,中国,地球物理灾害,地震,中国,1,2200,0,0.0
1925,中国,地球物理灾害,地震,中国,1,5000,0,0.0
1927,中国,地球物理灾害,地震,中国,1,200000,0,0.0
1932,中国,地球物理灾害,地震,中国,1,70000,0,0.0
1933,中国,地球物理灾害,地震,中国,1,10000,0,0.0
1942,中国,地球物理灾害,地震,中国,1,30,0,0.0
1954,中国,地球物理灾害,地震,中国,1,50,300,0.0
1955,中国,地球物理灾害,地震,中国,1,39,113,0.0
1959,中国,地球物理灾害,地震,中国,1,47,0,0.0
1966,中国,地球物理灾害,地震,中国,1,0,0,0.0
1969,中国,地球物理灾害,地震,中国,1,3000,0,0.0
1970,中国,地球物理灾害,地震,中国,1,10000,0,0.0
1974,中国,地球物理灾害,地震,中国,1,20000,0,0.0
1975,中国,地球物理灾害,地震,中国,1,10000,0,0.0
1976,中国,地球物理灾害,地震,中国,1,242000,164000,5600000.0
1976,中国,地球物理灾害,地震,中国,1,0,0,0.0
1979,中国,地球物理灾害,地震,中国,1,41,2000,0.0
1979,中国,地球物理灾害,地震,中国,1,0,2104,0.0
1981,中国,地球物理灾害,地震,中国,1,150,25850,0.0
1982,中国,地球物理灾害,地震,中国,1,10,5,0.0
1983,中国,地球物理灾害,地震,中国,1,34,18700,0.0
1985,中国,地球物理灾害,地震,中国,1,22,300,0.0
1985,中国,地球物理灾害,地震,中国,1,67,16100,0.0
1985,中国,地球物理灾害,地震,中国,1,1,120,0.0
1986,中国,地球物理灾害,地震,中国,1,0,290,0.0
1987,中国,地球物理灾害,地震,中国,1,0,2085,0.0
1987,中国,地球物理灾害,地震,中国,1,0,185084,0.0
1987,中国,地球物理灾害,地震,中国,1,0,7000,0.0
1988,中国,地球物理灾害,地震,中国,1,0,50060,0.0
1988,中国,地球物理灾害,地震,中国,1,939,1270364,269000.0
1989,中国,地球物理灾害,地震,中国,1,8,40107,164000.0
1989,中国,地球物理灾害,地震,中国,1,29,105140,0.0
1989,中国,地球物理灾害,地震,中国,1,1,26591,54000.0
1989,中国,地球物理灾害,地震,中国,1,4,52800,0.0
1989,中国,地球物理灾害,地震,中国,1,0,21404,0.0
1990,中国,地球物理灾害,地震,中国,1,1,30016,0.0
1990,中国,地球物理灾害,地震,中国,1,126,34319,58350.0
1991,中国,地球物理灾害,地震,中国,1,0,42808,0.0
1991,中国,地球物理灾害,地震,中国,1,1,240542,0.0
1992,中国,地球物理灾害,地震,中国,1,0,16000,3150.0
1993,中国,地球物理灾害,地震,中国,1,0,142146,0.0
1993,中国,地球物理灾害,地震,中国,1,0,504,0.0
1994,中国,地球物理灾害,地震,中国,1,1,500,0.0
1994,中国,地球物理灾害,地震,中国,1,0,5860,0.0
1994,中国,地球物理灾害,地震,中国,1,0,285,0.0
1995,中国,地球物理灾害,地震,中国,1,11,1000136,36100.0
1995,中国,地球物理灾害,地震,中国,1,46,20297,80000.0
1995,中国,地球物理灾害,地震,中国,1,14,5060,0.0
1996,中国,地球物理灾害,地震,中国,1,309,5077795,506000.0
1996,中国,地球物理灾害,地震,中国,1,18,200300,0.0
1996,中国,地球物理灾害,地震,中国,1,26,33128,24000.0
1996,中国,地球物理灾害,地震,中国,1,0,137,0.0
1997,中国,地球物理灾害,地震,中国,1,12,155040,0.0
1997,中国,地球物理灾害,地震,中国,1,9,500089,0.0
1997,中国,地球物理灾害,地震,中国,1,2,20006,0.0
1997,中国,地球物理灾害,地震,中国,1,9,100089,0.0
1998,中国,地球物理灾害,地震,中国,1,49,598000,285500.0
1998,中国,地球物理灾害,地震,中国,1,3,337443,70000.0
1998,中国,地球物理灾害,地震,中国,1,0,107084,22600.0
1998,中国,地球物理灾害,地震,中国,1,0,2000,0.0
1998,中国,地球物理灾害,地震,中国,1,0,25028,0.0
1998,中国,地球物理灾害,地震,中国,1,3,111862,0.0
1998,中国,地球物理灾害,地震,中国,1,0,3528,0.0
1999,中国,地球物理灾害,地震,中国,1,0,16003,0.0
1999,中国,地球物理灾害,地震,中国,1,0,3020004,44000.0
1999,中国,地球物理灾害,地震,中国,1,0,800,0.0
2000,中国,地球物理灾害,地震,中国,1,7,1855007,73500.0
2000,中国,地球物理灾害,地震,中国,1,1,10302,483.0
2000,中国,地球物理灾害,地震,中国,1,0,62030,0.0
2000,中国,地球物理灾害,地震,中国,1,0,100,0.0
2000,中国,地球物理灾害,地震,中国,1,1,177611,43000.0
2001,中国,地球物理灾害,地震,中国,1,3,300109,24000.0
2001,中国,地球物理灾害,地震,中国,1,2,150190,31000.0
2001,中国,地球物理灾害,地震,中国,1,2,10605,36000.0
2001,中国,地球物理灾害,地震,中国,1,0,25000,0.0
2001,中国,地球物理灾害,地震,中国,1,1,17220,0.0
2002,中国,地球物理灾害,地震,中国,1,0,378,0.0
2002,中国,地球物理灾害,地震,中国,1,2,65500,0.0
2003,中国,地球物理灾害,地震,中国,1,268,517000,157000.0
2003,中国,地球物理灾害,地震,中国,1,0,3300,0.0
2003,中国,地球物理灾害,地震,中国,1,1,8003,0.0
2003,中国,地球物理灾害,地震,中国,1,16,1295584,75000.0
2003,中国,地球物理灾害,地震,中国,1,4,455500,167000.0
2003,中国,地球物理灾害,地震,中国,1,3,60056,60000.0
2003,中国,地球物理灾害,地震,中国,1,9,275043,40000.0
2003,中国,地球物理灾害,地震,中国,1,1,23369,0.0
2003,中国,地球物理灾害,地震,中国,1,4,493065,0.0
2003,中国,地球物理灾害,地震,中国,1,11,6018,1933.0
2003,中国,地球物理灾害,地震,中国,1,0,10004,0.0
2004,中国,地球物理灾害,地震,中国,1,0,190100,74000.0
2004,中国,地球物理灾害,地震,中国,1,4,120600,50000.0
2004,中国,地球物理灾害,地震,中国,1,0,100012,0.0
2004,中国,地球物理灾害,地震,中国,1,0,22019,0.0
2004,中国,地球物理灾害,地震,中国,1,0,4199,0.0
2005,中国,地球物理灾害,地震,中国,1,16,615500,0.0
2005,中国,地球物理灾害,地震,中国,1,0,18509,0.0
2006,中国,地球物理灾害,地震,中国,1,0,68761,6900.0
2006,中国,地球物理灾害,地震,中国,1,22,265106,0.0
2006,中国,地球物理灾害,地震,中国,1,0,130,0.0
2006,中国,地球物理灾害,地震,中国,1,1,45551,0.0
2006,中国,地球物理灾害,地震,中国,1,0,20000,0.0
2006,中国,地球物理灾害,地震,中国,1,0,12000,291.0
2007,中国,地球物理灾害,地震,中国,1,3,329,342000.0
2008,中国,地球物理灾害,地震,中国,1,87476,45976596,85000000.0
2008,中国,地球物理灾害,地震,中国,1,4,13529,0.0
2008,中国,地球物理灾害,地震,中国,1,6,160,0.0
2008,中国,地球物理灾害,地震,中国,1,40,1000589,492000.0
2008,中国,地球物理灾害,地震,中国,1,30,754,0.0
2008,中国,地球物理灾害,地震,中国,1,0,27169,0.0
2008,中国,地球物理灾害,地震,中国,1,8,351000,0.0
2009,中国,地球物理灾害,地震,中国,1,0,4549,3100.0
2009,中国,地球物理灾害,地震,中国,1,1,65336,315000.0
2010,中国,地球物理灾害,地震,中国,1,1,10515,4400.0
2010,中国,地球物理灾害,地震,中国,1,0,50011,0.0
2010,中国,地球物理灾害,地震,中国,1,2968,112000,500000.0
2010,中国,地球物理灾害,地震,中国,1,8,9,0.0
2010,中国,地球物理灾害,地震,中国,1,0,5014,0.0
2011,中国,地球物理灾害,地震,中国,1,0,64501,0.0
2011,中国,地球物理灾害,地震,中国,1,25,5440,290000.0
2011,中国,地球物理灾害,地震,中国,1,0,9508,0.0
2011,中国,地球物理灾害,地震,中国,1,7,5136,0.0
2011,中国,地球物理灾害,地震,中国,1,0,258,0.0
2011,中国,地球物理灾害,地震,中国,1,0,143000,56400.0
2011,中国,地球物理灾害,地震,中国,1,0,1616,0.0
2012,中国,地球物理灾害,地震,中国,1,4,34234,300000.0
2012,中国,地球物理灾害,地震,中国,1,0,155052,68000.0
2012,中国,地球物理灾害,地震,中国,1,81,744821,1000000.0
2012,中国,地球物理灾害,地震,中国,1,1,2610,0.0
2012,中国,地球物理灾害,地震,中国,1,0,5500,96000.0
2012,中国,地球物理灾害,地震,中国,1,0,36641,84000.0
2013,中国,地球物理灾害,地震,中国,1,0,427740,56000.0
2013,中国,地球物理灾害,地震,中国,1,198,2198785,6800000.0
2013,中国,地球物理灾害,地震,中国,1,95,123887,1000000.0
2013,中国,地球物理灾害,地震,中国,1,3,538050,155000.0
2013,中国,地球物理灾害,地震,中国,1,0,58300,0.0
2013,中国,地球物理灾害,地震,中国,1,0,90500,6300.0
2013,中国,地球物理灾害,地震,中国,1,0,80555,38000.0
2013,中国,地球物理灾害,地震,中国,1,0,2000,0.0
2014,中国,地球物理灾害,地震,中国,1,0,450000,174000.0
2014,中国,地球物理灾害,地震,中国,1,0,75021,80000.0
2014,中国,地球物理灾害,地震,中国,1,0,225015,60000.0
2014,中国,地球物理灾害,地震,中国,1,0,184723,2000.0
2014,中国,地球物理灾害,地震,中国,1,731,1120513,5000000.0
2014,中国,地球物理灾害,地震,中国,1,1,255324,274000.0
2014,中国,地球物理灾害,地震,中国,1,5,82355,50000.0
2014,中国,地球物理灾害,地震,中国,1,1,2022,0.0
2015,中国,地球物理灾害,地震,中国,1,0,8640,14650.0
2015,中国,地球物理灾害,地震,中国,1,0,2032,15000.0
2015,中国,地球物理灾害,地震,中国,1,29,207883,0.0
2015,中国,地球物理灾害,地震,中国,1,1,0,0.0
2015,中国,地球物理灾害,地震,中国,1,3,9263,3200.0
2016,中国,地球物理灾害,地震,中国,1,1,37200,5500.0
2016,中国,地球物理灾害,地震,中国,1,0,9120,135000.0
2016,中国,地球物理灾害,地震,中国,1,2,5000,60000.0
2017,中国,地球物理灾害,地震,中国,1,0,2106,31000.0
2017,中国,地球物理灾害,地震,中国,1,8,4583,2000.0
2017,中国,地球物理灾害,地震,中国,1,29,218325,500000.0
2017,中国,地球物理灾害,地震,中国,1,0,23403,0.0
2018,中国,地球物理灾害,地震,中国,1,0,12000,7000.0
2018,中国,地球物理灾害,地震,中国,1,0,18024,0.0
1986,中国,气候灾害,极端气温,中国,1,2,30000,0.0
1994,中国,气候灾害,极端气温,中国,1,104,0,0.0
1997,中国,气候灾害,极端气温,中国,1,24,100000,29000.0
1997,中国,气候灾害,极端气温,中国,1,16,180,0.0
1997,中国,气候灾害,极端气温,中国,1,0,2000,0.0
2002,中国,气候灾害,极端气温,中国,1,7,3500,0.0
2004,中国,气候灾害,极端气温,中国,1,39,0,0.0
2005,中国,气候灾害,极端气温,中国,1,0,200,0.0
2008,中国,气候灾害,极端气温,中国,1,129,77000000,21100000.0
2008,中国,气候灾害,极端气温,中国,1,16,0,0.0
2011,中国,气候灾害,极端气温,中国,1,2,4033472,281000.0
2012,中国,气候灾害,极端气温,中国,1,0,50650,20200.0
2013,中国,气候灾害,极端气温,中国,1,40,0,0.0
2016,中国,气候灾害,极端气温,中国,1,5,0,1600000.0
1911,中国,气候灾害,洪涝,中国,1,100000,0,0.0
1915,中国,气候灾害,洪涝,中国,1,0,3000000,0.0
1917,中国,气候灾害,洪涝,中国,1,0,635000,0.0
1931,中国,气候灾害,洪涝,中国,1,3700000,0,1400000.0
1933,中国,气候灾害,洪涝,中国,1,18000,3600000,0.0
1935,中国,气候灾害,洪涝,中国,1,142000,10030000,0.0
1939,中国,气候灾害,洪涝,中国,1,500000,0,0.0
1948,中国,气候灾害,洪涝,中国,1,330,0,0.0
1949,中国,气候灾害,洪涝,中国,1,57000,0,0.0
1950,中国,气候灾害,洪涝,中国,1,500,10000000,0.0
1951,中国,气候灾害,洪涝,中国,1,4800,0,0.0
1954,中国,气候灾害,洪涝,中国,1,2000,0,0.0
1954,中国,气候灾害,洪涝,中国,1,30000,0,0.0
1956,中国,气候灾害,洪涝,中国,1,2000,0,0.0
1957,中国,气候灾害,洪涝,中国,1,560,0,0.0
1959,中国,气候灾害,洪涝,中国,1,2000000,0,0.0
1959,中国,气候灾害,洪涝,中国,1,187,0,0.0
1969,中国,气候灾害,洪涝,中国,1,0,0,0.0
1975,中国,气候灾害,洪涝,中国,1,20000,11000000,0.0
1980,中国,气候灾害,洪涝,中国,1,65,0,0.0
1980,中国,气候灾害,洪涝,中国,1,38,40100,0.0
1980,中国,气候灾害,洪涝,中国,1,0,0,0.0
1980,中国,气候灾害,洪涝,中国,1,6200,67000,160000.0
1981,中国,气候灾害,洪涝,中国,1,1311,1528140,1100000.0
1981,中国,气候灾害,洪涝,中国,1,764,1405000,1200000.0
1981,中国,气候灾害,洪涝,中国,1,0,4000,0.0
1981,中国,气候灾害,洪涝,中国,1,0,150000,0.0
1981,中国,气候灾害,洪涝,中国,1,240,100000,0.0
1982,中国,气候灾害,洪涝,中国,1,447,809143,0.0
1982,中国,气候灾害,洪涝,中国,1,0,7000,0.0
1982,中国,气候灾害,洪涝,中国,1,0,0,0.0
1982,中国,气候灾害,洪涝,中国,1,0,0,0.0
1983,中国,气候灾害,洪涝,中国,1,100,0,0.0
1984,中国,气候灾害,洪涝,中国,1,0,28000,0.0
1984,中国,气候灾害,洪涝,中国,1,31,0,0.0
1985,中国,气候灾害,洪涝,中国,1,283,14000,1400.0
1985,中国,气候灾害,洪涝,中国,1,64,2000,0.0
1985,中国,气候灾害,洪涝,中国,1,422,0,350000.0
1985,中国,气候灾害,洪涝,中国,1,300,2000,350000.0
1985,中国,气候灾害,洪涝,中国,1,0,0,0.0
1985,中国,气候灾害,洪涝,中国,1,0,0,1350.0
1985,中国,气候灾害,洪涝,中国,1,147,0,0.0
1986,中国,气候灾害,洪涝,中国,1,80,2800000,1500000.0
1986,中国,气候灾害,洪涝,中国,1,233,7000000,1210.0
1987,中国,气候灾害,洪涝,中国,1,92,350400,0.0
1987,中国,气候灾害,洪涝,中国,1,20,590129,0.0
1987,中国,气候灾害,洪涝,中国,1,56,0,0.0
1987,中国,气候灾害,洪涝,中国,1,51,0,0.0
1988,中国,气候灾害,洪涝,中国,1,577,22000200,1063564.0
1988,中国,气候灾害,洪涝,中国,1,158,2880000,91644.0
1988,中国,气候灾害,洪涝,中国,1,22,35000,12000.0
1988,中国,气候灾害,洪涝,中国,1,54,10000,0.0
1988,中国,气候灾害,洪涝,中国,1,204,30000,0.0
1988,中国,气候灾害,洪涝,中国,1,0,280000,0.0
1988,中国,气候灾害,洪涝,中国,1,58,300505,256000.0
1988,中国,气候灾害,洪涝,中国,1,170,110000,540000.0
1989,中国,气候灾害,洪涝,中国,1,2000,100010000,2789000.0
1990,中国,气候灾害,洪涝,中国,1,363,26130805,592000.0
1990,中国,气候灾害,洪涝,中国,1,72,175000,211000.0
1990,中国,气候灾害,洪涝,中国,1,60,16000000,0.0
1991,中国,气候灾害,洪涝,中国,1,1729,210232227,7500000.0
1991,中国,气候灾害,洪涝,中国,1,26,3500,14120.0
1991,中国,气候灾害,洪涝,中国,1,106,0,530000.0
1992,中国,气候灾害,洪涝,中国,1,248,210070,170000.0
1992,中国,气候灾害,洪涝,中国,1,88,435300,3700.0
1992,中国,气候灾害,洪涝,中国,1,96,31632,146000.0
1992,中国,气候灾害,洪涝,中国,1,35,5000,76000.0
1992,中国,气候灾害,洪涝,中国,1,48,0,3400.0
1992,中国,气候灾害,洪涝,中国,1,25,2433,110000.0
1993,中国,气候灾害,洪涝,中国,1,41,7400,27000.0
1993,中国,气候灾害,洪涝,中国,1,131,0,0.0
1993,中国,气候灾害,洪涝,中国,1,59,0,0.0
1993,中国,气候灾害,洪涝,中国,1,1000,0,6061000.0
1994,中国,气候灾害,洪涝,中国,1,1001,78974400,5460000.0
1994,中国,气候灾害,洪涝,中国,1,258,30547665,1810000.0
1994,中国,气候灾害,洪涝,中国,1,128,2000000,1000.0
1994,中国,气候灾害,洪涝,中国,1,41,17000,95000.0
1994,中国,气候灾害,洪涝,中国,1,41,320,12100.0
1994,中国,气候灾害,洪涝,中国,1,95,0,161000.0
1995,中国,气候灾害,洪涝,中国,1,1437,114470249,6720000.0
1995,中国,气候灾害,洪涝,中国,1,61,11100162,0.0
1995,中国,气候灾害,洪涝,中国,1,120,1000000,0.0
1996,中国,气候灾害,洪涝,中国,1,2775,154634000,12600000.0
1996,中国,气候灾害,洪涝,中国,1,96,40000,0.0
1996,中国,气候灾害,洪涝,中国,1,1200,0,6314500.0
1996,中国,气候灾害,洪涝,中国,1,20,0,0.0
1997,中国,气候灾害,洪涝,中国,1,103,371229,160000.0
1997,中国,气候灾害,洪涝,中国,1,164,7000000,0.0
1997,中国,气候灾害,洪涝,中国,1,300,318000,1027400.0
1997,中国,气候灾害,洪涝,中国,1,63,0,0.0
1997,中国,气候灾害,洪涝,中国,1,420,0,1251200.0
1997,中国,气候灾害,洪涝,中国,1,40,0,1000.0
1998,中国,气候灾害,洪涝,中国,1,3656,238973000,30000000.0
1998,中国,气候灾害,洪涝,中国,1,15,1300,34700.0
1998,中国,气候灾害,洪涝,中国,1,50,80000,20124.0
1998,中国,气候灾害,洪涝,中国,1,440,1500000,724700.0
1998,中国,气候灾害,洪涝,中国,1,89,2160000,964000.0
1999,中国,气候灾害,洪涝,中国,1,35,3000,0.0
1999,中国,气候灾害,洪涝,中国,1,725,101024000,8100000.0
1999,中国,气候灾害,洪涝,中国,1,153,5165000,647000.0
1999,中国,气候灾害,洪涝,中国,1,30,0,302000.0
1999,中国,气候灾害,洪涝,中国,1,199,1000000,181200.0
1999,中国,气候灾害,洪涝,中国,1,43,5000,24200.0
2000,中国,气候灾害,洪涝,中国,1,15,40000,12000.0
2000,中国,气候灾害,洪涝,中国,1,34,154183,22000.0
2000,中国,气候灾害,洪涝,中国,1,4,15000,0.0
2000,中国,气候灾害,洪涝,中国,1,43,31010,19000.0
2000,中国,气候灾害,洪涝,中国,1,33,300000,60000.0
2000,中国,气候灾害,洪涝,中国,1,54,0,0.0
2000,中国,气候灾害,洪涝,中国,1,203,18214,172000.0
2000,中国,气候灾害,洪涝,中国,1,10,200000,25366.0
2000,中国,气候灾害,洪涝,中国,1,26,4500,5000.0
2001,中国,气候灾害,洪涝,中国,1,29,1760000,78000.0
2001,中国,气候灾害,洪涝,中国,1,11,30003,24000.0
2001,中国,气候灾害,洪涝,中国,1,22,7,0.0
2001,中国,气候灾害,洪涝,中国,1,35,2702,17000.0
2001,中国,气候灾害,洪涝,中国,1,46,17,5000.0
2001,中国,气候灾害,洪涝,中国,1,27,250000,300000.0
2001,中国,气候灾害,洪涝,中国,1,0,4000,0.0
2001,中国,气候灾害,洪涝,中国,1,66,3110,167000.0
2001,中国,气候灾害,洪涝,中国,1,166,300000,120000.0
2002,中国,气候灾害,洪涝,中国,1,0,561800,53000.0
2002,中国,气候灾害,洪涝,中国,1,0,20000000,943000.0
2002,中国,气候灾害,洪涝,中国,1,22,7001,50000.0
2002,中国,气候灾害,洪涝,中国,1,793,80035257,3100000.0
2002,中国,气候灾害,洪涝,中国,1,11,12312,38600.0
2002,中国,气候灾害,洪涝,中国,1,61,15,0.0
2002,中国,气候灾害,洪涝,中国,1,165,6340000,540000.0
2002,中国,气候灾害,洪涝,中国,1,178,999311,4200.0
2002,中国,气候灾害,洪涝,中国,1,16,5250000,0.0
2002,中国,气候灾害,洪涝,中国,1,0,50000,0.0
2003,中国,气候灾害,洪涝,中国,1,38,4370986,160000.0
2003,中国,气候灾害,洪涝,中国,1,28,0,0.0
2003,中国,气候灾害,洪涝,中国,1,430,150146000,7890000.0
2003,中国,气候灾害,洪涝,中国,1,30,1200000,4830000.0
2003,中国,气候灾害,洪涝,中国,1,123,200000,2440000.0
2003,中国,气候灾害,洪涝,中国,1,13,8000,9640.0
2004,中国,气候灾害,洪涝,中国,1,18,0,0.0
2004,中国,气候灾害,洪涝,中国,1,47,168500,361000.0
2004,中国,气候灾害,洪涝,中国,1,5,90000,0.0
2004,中国,气候灾害,洪涝,中国,1,0,556073,0.0
2004,中国,气候灾害,洪涝,中国,1,3,740,0.0
2004,中国,气候灾害,洪涝,中国,1,15,0,0.0
2004,中国,气候灾害,洪涝,中国,1,7,0,53500.0
2004,中国,气候灾害,洪涝,中国,1,133,33652026,1100000.0
2004,中国,气候灾害,洪涝,中国,1,222,8253000,471000.0
2005,中国,气候灾害,洪涝,中国,1,117,425,45000.0
2005,中国,气候灾害,洪涝,中国,1,58,11230230,607000.0
2005,中国,气候灾害,洪涝,中国,1,235,16700000,2160000.0
2005,中国,气候灾害,洪涝,中国,1,28,14500,0.0
2005,中国,气候灾害,洪涝,中国,1,52,188046,913000.0
2005,中国,气候灾害,洪涝,中国,1,16,23,560.0
2005,中国,气候灾害,洪涝,中国,1,20,4610000,239000.0
2005,中国,气候灾害,洪涝,中国,1,20,80000,240000.0
2005,中国,气候灾害,洪涝,中国,1,8,8842,4600.0
2005,中国,气候灾害,洪涝,中国,1,19,650000,180700.0
2005,中国,气候灾害,洪涝,中国,1,5,1270000,271000.0
2006,中国,气候灾害,洪涝,中国,1,21,10461,333000.0
2006,中国,气候灾害,洪涝,中国,1,22,36900,36000.0
2006,中国,气候灾害,洪涝,中国,1,57,356000,393000.0
2006,中国,气候灾害,洪涝,中国,1,3,350035,0.0
2006,中国,气候灾害,洪涝,中国,1,2,1410000,0.0
2006,中国,气候灾害,洪涝,中国,1,50,12000,141000.0
2006,中国,气候灾害,洪涝,中国,1,21,4600024,0.0
2006,中国,气候灾害,洪涝,中国,1,23,5000,0.0
2006,中国,气候灾害,洪涝,中国,1,30,4120000,679000.0
2006,中国,气候灾害,洪涝,中国,1,42,10009,11000.0
2006,中国,气候灾害,洪涝,中国,1,6,270000,6500.0
2006,中国,气候灾害,洪涝,中国,1,29,2375016,0.0
2006,中国,气候灾害,洪涝,中国,1,0,4000,0.0
2006,中国,气候灾害,洪涝,中国,1,10,1400000,31000.0
2006,中国,气候灾害,洪涝,中国,1,20,2400,0.0
2006,中国,气候灾害,洪涝,中国,1,35,0,0.0
2006,中国,气候灾害,洪涝,中国,1,1,1200,0.0
2006,中国,气候灾害,洪涝,中国,1,15,0,0.0
2006,中国,气候灾害,洪涝,中国,1,27,20004,0.0
2006,中国,气候灾害,洪涝,中国,1,16,7000,57000.0
2007,中国,气候灾害,洪涝,中国,1,0,250000,13000.0
2007,中国,气候灾害,洪涝,中国,1,43,2300050,78000.0
2007,中国,气候灾害,洪涝,中国,1,535,105004000,4425655.0
2007,中国,气候灾害,洪涝,中国,1,9,0,0.0
2007,中国,气候灾害,洪涝,中国,1,170,386000,40000.0
2007,中国,气候灾害,洪涝,中国,1,83,112742,329000.0
2007,中国,气候灾害,洪涝,中国,1,29,350000,80000.0
2007,中国,气候灾害,洪涝,中国,1,96,30000,0.0
2007,中国,气候灾害,洪涝,中国,1,11,17500,26000.0
2007,中国,气候灾害,洪涝,中国,1,17,213000,5500.0
2007,中国,气候灾害,洪涝,中国,1,26,2430000,0.0
2007,中国,气候灾害,洪涝,中国,1,11,17500,26000.0
2008,中国,气候灾害,洪涝,中国,1,64,538166,0.0
2008,中国,气候灾害,洪涝,中国,1,176,1600000,2200000.0
2008,中国,气候灾害,洪涝,中国,1,3,780000,19000.0
2008,中国,气候灾害,洪涝,中国,1,20,810000,42000.0
2008,中国,气候灾害,洪涝,中国,1,67,411000,29000.0
2008,中国,气候灾害,洪涝,中国,1,3,50000,0.0
2008,中国,气候灾害,洪涝,中国,1,19,3000000,102000.0
2009,中国,气候灾害,洪涝,中国,1,49,5630000,0.0
2009,中国,气候灾害,洪涝,中国,1,11,0,0.0
2009,中国,气候灾害,洪涝,中国,1,11,106000,59000.0
2009,中国,气候灾害,洪涝,中国,1,90,39372000,1000000.0
2009,中国,气候灾害,洪涝,中国,1,12,118000,0.0
2009,中国,气候灾害,洪涝,中国,1,20,38,33000.0
2009,中国,气候灾害,洪涝,中国,1,16,0,281000.0
2010,中国,气候灾害,洪涝,中国,1,1691,134000000,18000000.0
2010,中国,气候灾害,洪涝,中国,1,152,6000000,0.0
2010,中国,气候灾害,洪涝,中国,1,59,0,0.0
2010,中国,气候灾害,洪涝,中国,1,5,64000,0.0
2010,中国,气候灾害,洪涝,中国,1,4,130000,171000.0
2011,中国,气候灾害,洪涝,中国,1,16,60000,0.0
2011,中国,气候灾害,洪涝,中国,1,6,1600000,54130.0
2011,中国,气候灾害,洪涝,中国,1,467,67900000,6400000.0
2011,中国,气候灾害,洪涝,中国,1,117,20000000,4250000.0
2011,中国,气候灾害,洪涝,中国,1,22,3800000,0.0
2012,中国,气候灾害,洪涝,中国,1,53,185000,316333.0
2012,中国,气候灾害,洪涝,中国,1,91,17440000,1200000.0
2012,中国,气候灾害,洪涝,中国,1,132,13119000,2500000.0
2012,中国,气候灾害,洪涝,中国,1,0,220000,0.0
2012,中国,气候灾害,洪涝,中国,1,0,53000,0.0
2012,中国,气候灾害,洪涝,中国,1,151,1000000,8000000.0
2012,中国,气候灾害,洪涝,中国,1,58,140000,600000.0
2012,中国,气候灾害,洪涝,中国,1,21,0,500000.0
2012,中国,气候灾害,洪涝,中国,1,16,125000,378000.0
2012,中国,气候灾害,洪涝,中国,1,70,500000,800000.0
2012,中国,气候灾害,洪涝,中国,1,15,0,370000.0
2012,中国,气候灾害,洪涝,中国,1,15,210000,306000.0
2013,中国,气候灾害,洪涝,中国,1,20,255000,165000.0
2013,中国,气候灾害,洪涝,中国,1,55,300000,661000.0
2013,中国,气候灾害,洪涝,中国,1,12,100000,445000.0
2013,中国,气候灾害,洪涝,中国,1,12,200000,333000.0
2013,中国,气候灾害,洪涝,中国,1,15,10000,277000.0
2013,中国,气候灾害,洪涝,中国,1,11,280500,555000.0
2013,中国,气候灾害,洪涝,中国,1,55,625000,1400000.0
2013,中国,气候灾害,洪涝,中国,1,233,3500000,4621600.0
2013,中国,气候灾害,洪涝,中国,1,36,718500,1400000.0
2013,中国,气候灾害,洪涝,中国,1,10,125000,571000.0
2013,中国,气候灾害,洪涝,中国,1,43,255000,457000.0
2013,中国,气候灾害,洪涝,中国,1,118,1075000,4960000.0
2013,中国,气候灾害,洪涝,中国,1,17,150030,343000.0
2013,中国,气候灾害,洪涝,中国,1,0,90000,410000.0
2014,中国,气候灾害,洪涝,中国,1,37,5500000,1000000.0
2014,中国,气候灾害,洪涝,中国,1,33,720000,677000.0
2014,中国,气候灾害,洪涝,中国,1,24,15000000,900000.0
2014,中国,气候灾害,洪涝,中国,1,24,150000,483000.0
2014,中国,气候灾害,洪涝,中国,1,23,25000,500000.0
2014,中国,气候灾害,洪涝,中国,1,66,110500,1250000.0
2014,中国,气候灾害,洪涝,中国,1,27,150000,487000.0
2014,中国,气候灾害,洪涝,中国,1,10,50000,600000.0
2014,中国,气候灾害,洪涝,中国,1,65,300000,570000.0
2014,中国,气候灾害,洪涝,中国,1,50,1065000,1400000.0
2014,中国,气候灾害,洪涝,中国,1,24,61000,0.0
2014,中国,气候灾害,洪涝,中国,1,53,0,700000.0
2014,中国,气候灾害,洪涝,中国,1,37,450000,1100000.0
2015,中国,气候灾害,洪涝,中国,1,58,82000,800000.0
2015,中国,气候灾害,洪涝,中国,1,20,60000,254000.0
2015,中国,气候灾害,洪涝,中国,1,17,60000,500000.0
2015,中国,气候灾害,洪涝,中国,1,15,2400,200000.0
2015,中国,气候灾害,洪涝,中国,1,9,60000,625000.0
2015,中国,气候灾害,洪涝,中国,1,16,60000,2000000.0
2015,中国,气候灾害,洪涝,中国,1,35,144900,645000.0
2015,中国,气候灾害,洪涝,中国,1,28,128610,1200000.0
2015,中国,气候灾害,洪涝,中国,1,19,45000,418000.0
2015,中国,气候灾害,洪涝,中国,1,41,77440,220000.0
2015,中国,气候灾害,洪涝,中国,1,14,15000,0.0
2015,中国,气候灾害,洪涝,中国,1,38,639000,130000.0
2016,中国,气候灾害,洪涝,中国,1,11,3000,20000.0
2016,中国,气候灾害,洪涝,中国,1,5,219300,170000.0
2016,中国,气候灾害,洪涝,中国,1,20,48000,97000.0
2016,中国,气候灾害,洪涝,中国,1,12,44100,447000.0
2016,中国,气候灾害,洪涝,中国,1,17,0,69000.0
2016,中国,气候灾害,洪涝,中国,1,25,254400,664000.0
2016,中国,气候灾害,洪涝,中国,1,68,165000,3000000.0
2016,中国,气候灾害,洪涝,中国,1,34,150000,675000.0
2016,中国,气候灾害,洪涝,中国,1,289,60000000,22000000.0
2016,中国,气候灾害,洪涝,中国,1,289,375000,4500000.0
2016,中国,气候灾害,洪涝,中国,1,23,36900,130000.0
2016,中国,气候灾害,洪涝,中国,1,23,1500,21000.0
2017,中国,气候灾害,洪涝,中国,1,1,28500,107000.0
2017,中国,气候灾害,洪涝,中国,1,10,0,93000.0
2017,中国,气候灾害,洪涝,中国,1,78,12000008,6000000.0
2017,中国,气候灾害,洪涝,中国,1,11,34500,115000.0
2017,中国,气候灾害,洪涝,中国,1,1,2700,277000.0
2017,中国,气候灾害,洪涝,中国,1,13,21600,145000.0
2017,中国,气候灾害,洪涝,中国,1,12,9600,37000.0
2017,中国,气候灾害,洪涝,中国,1,40,45000,315000.0
2017,中国,气候灾害,洪涝,中国,1,16,61500,361000.0
2017,中国,气候灾害,洪涝,中国,1,23,15600,75000.0
2017,中国,气候灾害,洪涝,中国,1,18,37800,429000.0
2017,中国,气候灾害,洪涝,中国,1,8,76800,492000.0
2018,中国,气候灾害,洪涝,中国,1,108,450000,1300000.0
2018,中国,气候灾害,洪涝,中国,1,77,225000,373000.0
2018,中国,气候灾害,洪涝,中国,1,3,1381000,781283.0
2018,中国,气候灾害,洪涝,中国,1,16,1519000,530689.0
2018,中国,气候灾害,洪涝,中国,1,11,36000,278000.0
2018,中国,气候灾害,洪涝,中国,1,18,11400,790000.0
1934,中国,气候灾害,滑坡,中国,1,500,0,0.0
1982,中国,气候灾害,滑坡,中国,1,75,0,0.0
1982,中国,气候灾害,滑坡,中国,1,19,0,0.0
1984,中国,气候灾害,滑坡,中国,1,100,40,0.0
1985,中国,气候灾害,滑坡,中国,1,60,0,0.0
1987,中国,气候灾害,滑坡,中国,1,65,119,0.0
1988,中国,气候灾害,滑坡,中国,1,35,51000,0.0
1988,中国,气候灾害,滑坡,中国,1,17,1000,0.0
1989,中国,气候灾害,滑坡,中国,1,4,5370,0.0
1991,中国,气候灾害,滑坡,中国,1,200,0,0.0
1993,中国,气候灾害,滑坡,中国,1,120,0,0.0
1994,中国,气候灾害,滑坡,中国,1,48,0,0.0
1995,中国,气候灾害,滑坡,中国,1,37,0,0.0
1996,中国,气候灾害,滑坡,中国,1,56,554,0.0
1996,中国,气候灾害,滑坡,中国,1,226,0,0.0
1996,中国,气候灾害,滑坡,中国,1,226,77,0.0
1996,中国,气候灾害,滑坡,中国,1,23,0,0.0
1997,中国,气候灾害,滑坡,中国,1,110,1821,0.0
1997,中国,气候灾害,滑坡,中国,1,79,30,0.0
1998,中国,气候灾害,滑坡,中国,1,100,15,890000.0
1999,中国,气候灾害,滑坡,中国,1,23,45,0.0
2000,中国,气候灾害,滑坡,中国,1,71,2000,0.0
2000,中国,气候灾害,滑坡,中国,1,14,27,2400.0
2001,中国,气候灾害,滑坡,中国,1,74,0,0.0
2001,中国,气候灾害,滑坡,中国,1,19,10307,60000.0
2001,中国,气候灾害,滑坡,中国,1,34,308,0.0
2001,中国,气候灾害,滑坡,中国,1,11,1000,0.0
2001,中国,气候灾害,滑坡,中国,1,14,10018,0.0
2001,中国,气候灾害,滑坡,中国,1,16,0,0.0
2002,中国,气候灾害,滑坡,中国,1,10,0,0.0
2002,中国,气候灾害,滑坡,中国,1,16,0,0.0
2002,中国,气候灾害,滑坡,中国,1,15,11,0.0
2002,中国,气候灾害,滑坡,中国,1,22,0,0.0
2003,中国,气候灾害,滑坡,中国,1,35,0,0.0
2003,中国,气候灾害,滑坡,中国,1,17,0,0.0
2004,中国,气候灾害,滑坡,中国,1,21,100,0.0
2006,中国,气候灾害,滑坡,中国,1,11,0,0.0
2007,中国,气候灾害,滑坡,中国,1,33,1,0.0
2008,中国,气候灾害,滑坡,中国,1,12,0,0.0
2008,中国,气候灾害,滑坡,中国,1,19,0,0.0
2008,中国,气候灾害,滑坡,中国,1,277,35,0.0
2008,中国,气候灾害,滑坡,中国,1,15,0,0.0
2009,中国,气候灾害,滑坡,中国,1,72,0,0.0
2009,中国,气候灾害,滑坡,中国,1,54,10004,139000.0
2009,中国,气候灾害,滑坡,中国,1,23,0,0.0
2009,中国,气候灾害,滑坡,中国,1,31,18,0.0
2009,中国,气候灾害,滑坡,中国,1,23,0,0.0
2010,中国,气候灾害,滑坡,中国,1,52,2100000,0.0
2010,中国,气候灾害,滑坡,中国,1,99,0,0.0
2010,中国,气候灾害,滑坡,中国,1,21,0,0.0
2010,中国,气候灾害,滑坡,中国,1,1765,47200,759000.0
2010,中国,气候灾害,滑坡,中国,1,32,500,0.0
2010,中国,气候灾害,滑坡,中国,1,92,0,0.0
2010,中国,气候灾害,滑坡,中国,1,48,0,0.0
2010,中国,气候灾害,滑坡,中国,1,28,135,0.0
2011,中国,气候灾害,滑坡,中国,1,22,0,0.0
2011,中国,气候灾害,滑坡,中国,1,18,2,0.0
2012,中国,气候灾害,滑坡,中国,1,19,0,0.0
2013,中国,气候灾害,滑坡,中国,1,83,0,0.0
2013,中国,气候灾害,滑坡,中国,1,17,0,0.0
2013,中国,气候灾害,滑坡,中国,1,11,2,0.0
2014,中国,气候灾害,滑坡,中国,1,25,407,0.0
2014,中国,气候灾害,滑坡,中国,1,10,0,0.0
2015,中国,气候灾害,滑坡,中国,1,38,300,0.0
2016,中国,气候灾害,滑坡,中国,1,66,237600,700000.0
2016,中国,气候灾害,滑坡,中国,1,22,7,0.0
2016,中国,气候灾害,滑坡,中国,1,35,0,0.0
2017,中国,气候灾害,滑坡,中国,1,12,0,0.0
2017,中国,气候灾害,滑坡,中国,1,83,400,0.0
2017,中国,气候灾害,滑坡,中国,1,25,4,0.0
2017,中国,气候灾害,滑坡,中国,1,35,758,2300.0
1983,中国,地球物理灾害,块体运动,中国,1,277,0,0.0
1990,中国,地球物理灾害,块体运动,中国,1,69,10,0.0
1990,中国,地球物理灾害,块体运动,中国,1,4,5105,0.0
1992,中国,地球物理灾害,块体运动,中国,1,49,0,0.0
2004,中国,地球物理灾害,块体运动,中国,1,44,353,0.0
2006,中国,地球物理灾害,块体运动,中国,1,11,5,0.0
2013,中国,地球物理灾害,块体运动,中国,1,46,2,8000.0
1912,中国,气候灾害,风暴,中国,1,50000,0,0.0
1922,中国,气候灾害,风暴,中国,1,100000,0,0.0
1927,中国,气候灾害,风暴,中国,1,5000,0,0.0
1948,中国,气候灾害,风暴,中国,1,1000,0,0.0
1948,中国,气候灾害,风暴,中国,1,800,0,0.0
1956,中国,气候灾害,风暴,中国,1,2000,0,0.0
1959,中国,气候灾害,风暴,中国,1,1064,0,0.0
1959,中国,气候灾害,风暴,中国,1,720,0,0.0
1964,中国,气候灾害,风暴,中国,1,686,0,0.0
1970,中国,气候灾害,风暴,中国,1,107,14000,0.0
1980,中国,气候灾害,风暴,中国,1,188,100,0.0
1981,中国,气候灾害,风暴,中国,1,0,0,0.0
1983,中国,气候灾害,风暴,中国,1,275,11000,0.0
1983,中国,气候灾害,风暴,中国,1,54,163,0.0
1983,中国,气候灾害,风暴,中国,1,30,10200,0.0
1983,中国,气候灾害,风暴,中国,1,82,0,0.0
1983,中国,气候灾害,风暴,中国,1,69,0,0.0
1984,中国,气候灾害,风暴,中国,1,13,0,0.0
1984,中国,气候灾害,风暴,中国,1,0,0,0.0
1984,中国,气候灾害,风暴,中国,1,0,0,0.0
1985,中国,气候灾害,风暴,中国,1,108,0,0.0
1985,中国,气候灾害,风暴,中国,1,11,100000,0.0
1985,中国,气候灾害,风暴,中国,1,177,101400,0.0
1986,中国,气候灾害,风暴,中国,1,9,200900,50000.0
1986,中国,气候灾害,风暴,中国,1,36,7500,3200.0
1986,中国,气候灾害,风暴,中国,1,172,4001250,380000.0
1986,中国,气候灾害,风暴,中国,1,43,381,54000.0
1986,中国,气候灾害,风暴,中国,1,0,0,0.0
1986,中国,气候灾害,风暴,中国,1,100,403500,0.0
1986,中国,气候灾害,风暴,中国,1,8,2525,940000.0
1987,中国,气候灾害,风暴,中国,1,2,400800,0.0
1987,中国,气候灾害,风暴,中国,1,132,900086,0.0
1987,中国,气候灾害,风暴,中国,1,29,9442,0.0
1987,中国,气候灾害,风暴,中国,1,101,50860,0.0
1987,中国,气候灾害,风暴,中国,1,102,25400,120000.0
1987,中国,气候灾害,风暴,中国,1,40,0,0.0
1988,中国,气候灾害,风暴,中国,1,65,0,0.0
1988,中国,气候灾害,风暴,中国,1,70,50000,0.0
1988,中国,气候灾害,风暴,中国,1,194,136232,0.0
1988,中国,气候灾害,风暴,中国,1,6,51000,0.0
1989,中国,气候灾害,风暴,中国,1,157,30007500,400000.0
1989,中国,气候灾害,风暴,中国,1,550,7002696,485000.0
1989,中国,气候灾害,风暴,中国,1,31,700,0.0
1989,中国,气候灾害,风暴,中国,1,84,1000048,0.0
1989,中国,气候灾害,风暴,中国,1,67,0,0.0
1989,中国,气候灾害,风暴,中国,1,200,0,0.0
1989,中国,气候灾害,风暴,中国,1,26,0,0.0
1990,中国,气候灾害,风暴,中国,1,56,10148,16000.0
1990,中国,气候灾害,风暴,中国,1,16,5590288,28000.0
1990,中国,气候灾害,风暴,中国,1,144,0,157000.0
1990,中国,气候灾害,风暴,中国,1,25,0,335.0
1990,中国,气候灾害,风暴,中国,1,36,0,0.0
1990,中国,气候灾害,风暴,中国,1,108,100800,83000.0
1990,中国,气候灾害,风暴,中国,1,115,0,688000.0
1990,中国,气候灾害,风暴,中国,1,26,0,154000.0
1990,中国,气候灾害,风暴,中国,1,68,200000,743000.0
1990,中国,气候灾害,风暴,中国,1,2,550,0.0
1990,中国,气候灾害,风暴,中国,1,33,0,210000.0
1991,中国,气候灾害,风暴,中国,1,69,2291902,28000.0
1991,中国,气候灾害,风暴,中国,1,100,1013939,465330.0
1991,中国,气候灾害,风暴,中国,1,14,33424,110000.0
1991,中国,气候灾害,风暴,中国,1,33,7141,117560.0
1991,中国,气候灾害,风暴,中国,1,39,10000,4800.0
1992,中国,气候灾害,风暴,中国,1,35,3300362,68700.0
1992,中国,气候灾害,风暴,中国,1,109,7700000,96000.0
1992,中国,气候灾害,风暴,中国,1,448,35088,68700.0
1992,中国,气候灾害,风暴,中国,1,0,194283,0.0
1992,中国,气候灾害,风暴,中国,1,47,0,110000.0
1992,中国,气候灾害,风暴,中国,1,53,0,425000.0
1992,中国,气候灾害,风暴,中国,1,168,5000000,412400.0
1992,中国,气候灾害,风暴,中国,1,0,0,90000.0
1993,中国,气候灾害,风暴,中国,1,31,150379,88000.0
1993,中国,气候灾害,风暴,中国,1,28,2000213,433920.0
1993,中国,气候灾害,风暴,中国,1,15,2000,0.0
1993,中国,气候灾害,风暴,中国,1,19,130,0.0
1993,中国,气候灾害,风暴,中国,1,93,22213,41000.0
1993,中国,气候灾害,风暴,中国,1,10,3000000,219670.0
1993,中国,气候灾害,风暴,中国,1,0,500,7380.0
1993,中国,气候灾害,风暴,中国,1,10,24428,12610.0
1993,中国,气候灾害,风暴,中国,1,7,3000000,263670.0
1993,中国,气候灾害,风暴,中国,1,1,250000,286370.0
1993,中国,气候灾害,风暴,中国,1,0,200000,15890.0
1994,中国,气候灾害,风暴,中国,1,101,1980579,200000.0
1994,中国,气候灾害,风暴,中国,1,90,8488684,700000.0
1994,中国,气候灾害,风暴,中国,1,74,440684,700.0
1994,中国,气候灾害,风暴,中国,1,47,4230000,96300.0
1994,中国,气候灾害,风暴,中国,1,1174,11001800,1150000.0
1995,中国,气候灾害,风暴,中国,1,4,15365,0.0
1995,中国,气候灾害,风暴,中国,1,0,1860,240.0
1995,中国,气候灾害,风暴,中国,1,54,293453,36100.0
1995,中国,气候灾害,风暴,中国,1,26,5000000,160000.0
1995,中国,气候灾害,风暴,中国,1,445,25000,87000.0
1995,中国,气候灾害,风暴,中国,1,152,1232320,120200.0
1996,中国,气候灾害,风暴,中国,1,48,202000,68000.0
1996,中国,气候灾害,风暴,中国,1,6,164,0.0
1996,中国,气候灾害,风暴,中国,1,2,0,48000.0
1996,中国,气候灾害,风暴,中国,1,44,10300,72000.0
1996,中国,气候灾害,风暴,中国,1,197,15005000,1500000.0
1996,中国,气候灾害,风暴,中国,1,38,0,100000.0
1996,中国,气候灾害,风暴,中国,1,36,18,0.0
1996,中国,气候灾害,风暴,中国,1,266,100000,200000.0
1997,中国,气候灾害,风暴,中国,1,40,30000,0.0
1997,中国,气候灾害,风暴,中国,1,30,330000,155000.0
1997,中国,气候灾害,风暴,中国,1,65,425350,579700.0
1997,中国,气候灾害,风暴,中国,1,140,837000,2700000.0
1997,中国,气候灾害,风暴,中国,1,7,5650349,330000.0
1998,中国,气候灾害,风暴,中国,1,0,0,0.0
1998,中国,气候灾害,风暴,中国,1,12,0,135000.0
1998,中国,气候灾害,风暴,中国,1,62,1426,0.0
1998,中国,气候灾害,风暴,中国,1,5,0,98000.0
1998,中国,气候灾害,风暴,中国,1,17,11000038,37200.0
1999,中国,气候灾害,风暴,中国,1,22,0,0.0
1999,中国,气候灾害,风暴,中国,1,5,15197,8000.0
1999,中国,气候灾害,风暴,中国,1,13,901,0.0
1999,中国,气候灾害,风暴,中国,1,192,541200,277900.0
1999,中国,气候灾害,风暴,中国,1,200,150000,180000.0
1999,中国,气候灾害,风暴,中国,1,18,1300,64300.0
1999,中国,气候灾害,风暴,中国,1,30,123000,241600.0
1999,中国,气候灾害,风暴,中国,1,5,12,18000.0
1999,中国,气候灾害,风暴,中国,1,11,1350000,39900.0
2000,中国,气候灾害,风暴,中国,1,16,53,0.0
2000,中国,气候灾害,风暴,中国,1,9,18004,3100.0
2000,中国,气候灾害,风暴,中国,1,15,4500,5000.0
2000,中国,气候灾害,风暴,中国,1,33,10,0.0
2000,中国,气候灾害,风暴,中国,1,11,20500,480.0
2000,中国,气候灾害,风暴,中国,1,10,30,13288.0
2000,中国,气候灾害,风暴,中国,1,11,4522,69443.0
2000,中国,气候灾害,风暴,中国,1,4,37770,10.0
2000,中国,气候灾害,风暴,中国,1,47,46000,169000.0
2000,中国,气候灾害,风暴,中国,1,6,2400000,0.0
2001,中国,气候灾害,风暴,中国,1,49,2574871,12000.0
2001,中国,气候灾害,风暴,中国,1,125,3108000,470000.0
2001,中国,气候灾害,风暴,中国,1,33,14998298,2743000.0
2001,中国,气候灾害,风暴,中国,1,100,0,40000.0
2001,中国,气候灾害,风暴,中国,1,0,23250,85000.0
2001,中国,气候灾害,风暴,中国,1,0,11126,0.0
2001,中国,气候灾害,风暴,中国,1,15,400039,0.0
2001,中国,气候灾害,风暴,中国,1,12,9,0.0
2001,中国,气候灾害,风暴,中国,1,6,50245,24000.0
2001,中国,气候灾害,风暴,中国,1,4,0,213000.0
2002,中国,气候灾害,风暴,中国,1,0,100000000,0.0
2002,中国,气候灾害,风暴,中国,1,5,2744,85000.0
2002,中国,气候灾害,风暴,中国,1,25,200,0.0
2002,中国,气候灾害,风暴,中国,1,26,7000040,100000.0
2002,中国,气候灾害,风暴,中国,1,25,180000,0.0
2002,中国,气候灾害,风暴,中国,1,27,220110,33000.0
2003,中国,气候灾害,风暴,中国,1,1,90100,0.0
2003,中国,气候灾害,风暴,中国,1,20,7400020,100000.0
2003,中国,气候灾害,风暴,中国,1,2,200162,0.0
2003,中国,气候灾害,风暴,中国,1,38,69925,241000.0
2003,中国,气候灾害,风暴,中国,1,0,1720000,196938.0
2004,中国,气候灾害,风暴,中国,1,7,907,6000.0
2004,中国,气候灾害,风暴,中国,1,0,1007,280.0
2004,中国,气候灾害,风暴,中国,1,0,640032,12700.0
2004,中国,气候灾害,风暴,中国,1,46,46000,0.0
2004,中国,气候灾害,风暴,中国,1,188,9062000,2190000.0
2004,中国,气候灾害,风暴,中国,1,2,41357,5000.0
2004,中国,气候灾害,风暴,中国,1,6,562,4000.0
2005,中国,气候灾害,风暴,中国,1,36,8000000,300000.0
2005,中国,气候灾害,风暴,中国,1,1,2481,0.0
2005,中国,气候灾害,风暴,中国,1,19,458855,16915.0
2005,中国,气候灾害,风暴,中国,1,15,13,0.0
2005,中国,气候灾害,风暴,中国,1,9,214,0.0
2005,中国,气候灾害,风暴,中国,1,0,90000,6000.0
2005,中国,气候灾害,风暴,中国,1,9,1013000,1000000.0
2005,中国,气候灾害,风暴,中国,1,8,825223,149000.0
2005,中国,气候灾害,风暴,中国,1,15,37,0.0
2005,中国,气候灾害,风暴,中国,1,10,1240000,850000.0
2005,中国,气候灾害,风暴,中国,1,159,19624000,1900000.0
2005,中国,气候灾害,风暴,中国,1,25,1350008,1750000.0
2005,中国,气候灾害,风暴,中国,1,25,5719000,1040000.0
2005,中国,气候灾害,风暴,中国,1,95,2460000,150000.0
2006,中国,气候灾害,风暴,中国,1,0,105000,0.0
2006,中国,气候灾害,风暴,中国,1,23,3150000,475000.0
2006,中国,气候灾害,风暴,中国,1,820,29622000,3325000.0
2006,中国,气候灾害,风暴,中国,1,109,6531000,367000.0
2006,中国,气候灾害,风暴,中国,1,89,10000000,900000.0
2006,中国,气候灾害,风暴,中国,1,441,5923350,2510000.0
2006,中国,气候灾害,风暴,中国,1,1,12,0.0
2006,中国,气候灾害,风暴,中国,1,17,6458,282000.0
2007,中国,气候灾害,风暴,中国,1,13,1000000,26000.0
2007,中国,气候灾害,风暴,中国,1,21,4314,7200.0
2007,中国,气候灾害,风暴,中国,1,39,8000000,890555.0
2007,中国,气候灾害,风暴,中国,1,13,840,0.0
2007,中国,气候灾害,风暴,中国,1,9,0,638000.0
2007,中国,气候灾害,风暴,中国,1,0,0,1077788.0
2008,中国,气候灾害,风暴,中国,1,25,274000,49000.0
2008,中国,气候灾害,风暴,中国,1,14,340000,175000.0
2008,中国,气候灾害,风暴,中国,1,1,93006,73000.0
2008,中国,气候灾害,风暴,中国,1,0,42000,80000.0
2008,中国,气候灾害,风暴,中国,1,4,900000,58000.0
2008,中国,气候灾害,风暴,中国,1,12,0,824000.0
2008,中国,气候灾害,风暴,中国,1,0,0,0.0
2008,中国,气候灾害,风暴,中国,1,0,0,733000.0
2008,中国,气候灾害,风暴,中国,1,10,100,23000.0
2009,中国,气候灾害,风暴,中国,1,52,215,625000.0
2009,中国,气候灾害,风暴,中国,1,15,48631,66000.0
2009,中国,气候灾害,风暴,中国,1,17,3,0.0
2009,中国,气候灾害,风暴,中国,1,8,11000004,1415594.0
2009,中国,气候灾害,风暴,中国,1,13,1000058,295001.0
2009,中国,气候灾害,风暴,中国,1,3,0,35000.0
2009,中国,气候灾害,风暴,中国,1,41,10000096,1030000.0
2009,中国,气候灾害,风暴,中国,1,0,1197799,19857.0
2009,中国,气候灾害,风暴,中国,1,9,0,7000.0
2009,中国,气候灾害,风暴,中国,1,11,50000,108000.0
2010,中国,气候灾害,风暴,中国,1,30,1881100,90000.0
2010,中国,气候灾害,风暴,中国,1,29,70190,62251.0
2010,中国,气候灾害,风暴,中国,1,2,0,500.0
2010,中国,气候灾害,风暴,中国,1,75,1000000,298285.0
2010,中国,气候灾害,风暴,中国,1,0,0,420000.0
2010,中国,气候灾害,风暴,中国,1,3,186000,0.0
2011,中国,气候灾害,风暴,中国,1,18,22000150,15000.0
2011,中国,气候灾害,风暴,中国,1,23,0,0.0
2011,中国,气候灾害,风暴,中国,1,0,3649800,482585.0
2011,中国,气候灾害,风暴,中国,1,3,1000000,219000.0
2011,中国,气候灾害,风暴,中国,1,0,0,0.0
2012,中国,气候灾害,风暴,中国,1,8,58500,329000.0
2012,中国,气候灾害,风暴,中国,1,34,232170,124000.0
2012,中国,气候灾害,风暴,中国,1,3,6000007,1500000.0
2012,中国,气候灾害,风暴,中国,1,15,3790000,600000.0
2012,中国,气候灾害,风暴,中国,1,2,107500,262000.0
2012,中国,气候灾害,风暴,中国,1,1,126000,197000.0
2012,中国,气候灾害,风暴,中国,1,0,100000,120000.0
2012,中国,气候灾害,风暴,中国,1,12,127000,84000.0
2013,中国,气候灾害,风暴,中国,1,2,13500,124000.0
2013,中国,气候灾害,风暴,中国,1,25,1398324,259000.0
2013,中国,气候灾害,风暴,中国,1,3,25000,26000.0
2013,中国,气候灾害,风暴,中国,1,11,50000,118000.0
2013,中国,气候灾害,风暴,中国,1,9,390150,460000.0
2013,中国,气候灾害,风暴,中国,1,7,21000,177000.0
2013,中国,气候灾害,风暴,中国,1,1,3000,253000.0
2013,中国,气候灾害,风暴,中国,1,88,8000000,2120000.0
2013,中国,气候灾害,风暴,中国,1,0,189800,376000.0
2013,中国,气候灾害,风暴,中国,1,0,5000,20000.0
2013,中国,气候灾害,风暴,中国,1,20,506000,0.0
2013,中国,气候灾害,风暴,中国,1,74,0,0.0
2013,中国,气候灾害,风暴,中国,1,8,475000,6700000.0
2013,中国,气候灾害,风暴,中国,1,5,51800,0.0
2013,中国,气候灾害,风暴,中国,1,12,217000,154000.0
2014,中国,气候灾害,风暴,中国,1,10,100090,675000.0
2014,中国,气候灾害,风暴,中国,1,1,10000,50000.0
2014,中国,气候灾害,风暴,中国,1,21,400000,155000.0
2014,中国,气候灾害,风暴,中国,1,3,100000,156000.0
2014,中国,气候灾害,风暴,中国,1,9,25000,456000.0
2014,中国,气候灾害,风暴,中国,1,0,5000,131000.0
2014,中国,气候灾害,风暴,中国,1,11,25000,94000.0
2014,中国,气候灾害,风暴,中国,1,71,9960099,4232973.0
2014,中国,气候灾害,风暴,中国,1,14,0,500000.0
2014,中国,气候灾害,风暴,中国,1,5,50000,274000.0
2014,中国,气候灾害,风暴,中国,1,27,136255,0.0
2014,中国,气候灾害,风暴,中国,1,0,1250,0.0
2014,中国,气候灾害,风暴,中国,1,9,394000,2900000.0
2014,中国,气候灾害,风暴,中国,1,0,3000,315000.0
2014,中国,气候灾害,风暴,中国,1,128,0,100000.0
2014,中国,气候灾害,风暴,中国,1,20,0,31000.0
2015,中国,气候灾害,风暴,中国,1,6,12000,209000.0
2015,中国,气候灾害,风暴,中国,1,34,5148,225000.0
2015,中国,气候灾害,风暴,中国,1,0,5000,108000.0
2015,中国,气候灾害,风暴,中国,1,7,2537,20000.0
2015,中国,气候灾害,风暴,中国,1,1,25000,130000.0
2015,中国,气候灾害,风暴,中国,1,2,10000,250000.0
2015,中国,气候灾害,风暴,中国,1,7,79800,461000.0
2015,中国,气候灾害,风暴,中国,1,0,13800,940000.0
2015,中国,气候灾害,风暴,中国,1,0,300,145000.0
2015,中国,气候灾害,风暴,中国,1,0,193000,11000.0
2015,中国,气候灾害,风暴,中国,1,0,56000,213000.0
2015,中国,气候灾害,风暴,中国,1,6,110000,85000.0
2015,中国,气候灾害,风暴,中国,1,18,1580000,1282690.0
2015,中国,气候灾害,风暴,中国,1,0,0,661000.0
2015,中国,气候灾害,风暴,中国,1,20,78300,4200000.0
2015,中国,气候灾害,风暴,中国,1,14,15600,43000.0
2015,中国,气候灾害,风暴,中国,1,4,3000,0.0
2016,中国,气候灾害,风暴,中国,1,0,6049,202000.0
2016,中国,气候灾害,风暴,中国,1,102,46000,302000.0
2016,中国,气候灾害,风暴,中国,1,12,150000,768000.0
2016,中国,气候灾害,风暴,中国,1,99,45846,500000.0
2016,中国,气候灾害,风暴,中国,1,69,24900,1511160.0
2016,中国,气候灾害,风暴,中国,1,0,6000,175000.0
2016,中国,气候灾害,风暴,中国,1,0,205500,2300000.0
2016,中国,气候灾害,风暴,中国,1,35,36000,830000.0
2016,中国,气候灾害,风暴,中国,1,0,0,890000.0
2016,中国,气候灾害,风暴,中国,1,0,12000,0.0
2016,中国,气候灾害,风暴,中国,1,0,18000,123000.0
2016,中国,气候灾害,风暴,中国,1,23,14400,23000.0
2016,中国,气候灾害,风暴,中国,1,0,40000,0.0
2017,中国,气候灾害,风暴,中国,1,7,41133,28000.0
2017,中国,气候灾害,风暴,中国,1,0,5000,200000.0
2017,中国,气候灾害,风暴,中国,1,9,6000,61000.0
2017,中国,气候灾害,风暴,中国,1,0,30000,3600.0
2017,中国,气候灾害,风暴,中国,1,36,174300,3400000.0
2017,中国,气候灾害,风暴,中国,1,19,14400,76000.0
2017,中国,气候灾害,风暴,中国,1,0,13800,57000.0
2017,中国,气候灾害,风暴,中国,1,8,22273,3500000.0
2017,中国,气候灾害,风暴,中国,1,12,300,56000.0
2018,中国,气候灾害,风暴,中国,1,21,2503700,854000.0
2018,中国,气候灾害,风暴,中国,1,14,177000,147000.0
2018,中国,气候灾害,风暴,中国,1,14,16200,570000.0
2018,中国,气候灾害,风暴,中国,1,2,300,188000.0
2018,中国,气候灾害,风暴,中国,1,0,0,770000.0
1981,中国,气候灾害,林火,中国,1,0,0,0.0
1987,中国,气候灾害,林火,中国,1,191,56313,110000.0
1995,中国,气候灾害,林火,中国,1,29,0,0.0
1999,中国,气候灾害,林火,中国,1,23,0,0.0
2003,中国,气候灾害,林火,中国,1,0,300,0.0
2010,中国,气候灾害,林火,中国,1,22,3,0.0
